layer,probe,auc_mean,auc_std,ap_mean,ap_std,acc_mean,f1_mean
0,LogisticReg,0.735572828255755,0.060810971364310455,0.8320140877100991,0.043288475387319385,0.6649329112015678,0.7362531969309463
0,Ridge,0.736072545340838,0.04679969654222297,0.8251418090210568,0.03087738393445658,0.6451077943615257,0.7521292828408933
0,LinearSVC,0.7147020459215581,0.023904035791855884,0.8022881518250013,0.011198180826038606,0.6351575456053068,0.7619470086621897
0,SGD,0.6503004854224367,0.07454368436615086,0.708976788617078,0.04650195653729756,0.6548319011005578,0.7043265487709932
0,LDA,0.7452014652014652,0.07823295302895034,0.8382687704689769,0.06194841367389877,0.6650082918739635,0.734920634920635
0,GaussianNB,0.6837517496054083,0.022187263478586853,0.7445357322852632,0.0062860630527317,0.6100557816975728,0.6396793915819791
0,RBF-SVM,0.7428994311921141,0.06401787445646012,0.8375579895575237,0.04592474962425954,0.6651590532187547,0.7732147780534877
0,KNN,0.7119217367997855,0.01353423272606463,0.7700561438098962,0.00836746256173118,0.6652344338911503,0.7310965248541748
0,RandomForest,0.7253628756067781,0.01028396484900859,0.8230015534135425,0.009659942787333111,0.6650836725463591,0.7645745077875388
0,GradBoosting,0.6800887459424044,0.017526679758318807,0.8049539935106965,0.0067986742281621855,0.6299562792100105,0.7265179076724069
0,ExtraTrees,0.7617674737186931,0.036534140899463205,0.8483917579638289,0.03682078921275164,0.6601085481682496,0.7651646856688311
0,NN-DeepLinear,0.75451442866077,0.029920382350720767,0.8415058094466481,0.026219861837476,0.6301070405548018,0.6562853451742341
0,NN-Residual,0.7508931177223861,0.08301035719038002,0.8408305199880574,0.06105051097329556,0.6749585406301825,0.7020613373554551
0,NN-Attention,0.6777140474701451,0.025859683005495314,0.7862692103929504,0.03350414219839842,0.6549826624453491,0.7328349375447777
0,NN-Bottleneck,0.7538407933529884,0.06603915636708128,0.8482872591967654,0.049295084912280025,0.6246796321423187,0.6601795484472621
0,NN-LayerNorm,0.7554894428065161,0.033658427145962164,0.8551568472624395,0.025005644634152824,0.6849841700587969,0.706138405995286
1,LogisticReg,0.7184526043062629,0.015000163302400466,0.8260913468391077,0.009839379756403876,0.6402080506558119,0.7072717816615531
1,Ridge,0.724023347925787,0.02641603324353426,0.8252777341095059,0.001930244435763999,0.6501582994120306,0.7542862122301375
1,LinearSVC,0.7269495815837278,0.03397532035565237,0.8271118794002336,0.0066373060914498155,0.6400572893110206,0.7632742082913904
1,SGD,0.6649158700378213,0.020498224323172033,0.7161499333791101,0.017131818055830077,0.6651590532187547,0.7098574352095479
1,LDA,0.7208862682033415,0.03963862968704332,0.8055694255930955,0.035066978739978216,0.6598824061510628,0.7338892991066904
1,GaussianNB,0.69547336132702,0.010341585641163872,0.7685114141914619,0.01648763990894159,0.6551334237901402,0.7151590602570993
1,RBF-SVM,0.750560469340957,0.04774540718687515,0.8492826822117155,0.04012069111406242,0.6498567767224483,0.7556088942227556
1,KNN,0.6761836266714316,0.0037799421910918118,0.751256939041533,0.020570572628373987,0.6599577868234584,0.7462594894725205
1,RandomForest,0.720866613061735,0.07995853128558145,0.83318799476358,0.046219816222948164,0.6596562641338761,0.7622645985528785
1,GradBoosting,0.6926799487775098,0.025748443174900427,0.7994078963873577,0.039214738423644105,0.6801598070254787,0.7663334884833949
1,ExtraTrees,0.7414789005032908,0.049991855166352614,0.8443517037974049,0.036567774552683716,0.6547565204281622,0.7595402298850574
1,NN-DeepLinear,0.7491950326096667,0.005904977330605505,0.833657145107288,0.019993020352295394,0.7002110658827077,0.7279122204495337
1,NN-Residual,0.7322159683135293,0.02159634520062962,0.8308319580443616,0.01969872075081336,0.6400572893110206,0.7036565977742448
1,NN-Attention,0.7428964531403556,0.05826227544652402,0.8074482424787978,0.03969508461112539,0.6849087893864013,0.7269543258673693
1,NN-Bottleneck,0.7519580690312399,0.029599026852855842,0.8442623418718203,0.03710055377962231,0.6901854364540932,0.717103582455695
1,NN-LayerNorm,0.7643539116709848,0.033005313663182455,0.8627088861433222,0.021017120930780155,0.6701341775968642,0.7129800853485064
2,LogisticReg,0.7106173501295453,0.004871612597199578,0.8120933415716931,0.013576359036875398,0.6449570330167345,0.7235312361170484
2,Ridge,0.7204157360254921,0.01670360879901597,0.8171356457938451,0.005688799597560674,0.6651590532187547,0.7643119057153401
2,LinearSVC,0.7162720748086602,0.021941599246396243,0.8137317160917248,0.010941274612937967,0.639831147293834,0.7650592088687326
2,SGD,0.6169296286369458,0.04509917894012554,0.6851758542256614,0.031845336680921904,0.6302578018995929,0.6918084375341181
2,LDA,0.6984615384615385,0.053361383478863274,0.7851037928865697,0.031350771498436694,0.6697572742348862,0.7407185571812936
2,GaussianNB,0.6723919711724591,0.015366921848925713,0.7409105793979148,0.00243937776850361,0.665083672546359,0.7203919091469292
2,RBF-SVM,0.7287090145626731,0.0663175321271932,0.8281570723830765,0.06286609743045196,0.6448816523443389,0.7546872334292253
2,KNN,0.7051377348938326,0.016549855869896043,0.762067380210634,0.01743318023617912,0.6652344338911503,0.7327387471965784
2,RandomForest,0.706478453795527,0.06823641856548748,0.8103352187052817,0.04783989146406752,0.6249057741595054,0.7361349933442956
2,GradBoosting,0.6614955775931386,0.034709556267239663,0.761181027994574,0.03293767291323973,0.620307553143374,0.7250051525360993
2,ExtraTrees,0.7443020935703863,0.03370035865900817,0.8403110316056425,0.033073802787308614,0.6647821498567766,0.7667340067340067
2,NN-DeepLinear,0.7436141636141635,0.054026773617507295,0.8380173497095779,0.040774793074027565,0.6748077792853913,0.7143790849673203
2,NN-Residual,0.7665838768277794,0.018935754835305834,0.8435352095343175,0.012648648498716001,0.7351876978742652,0.7785853079970728
2,NN-Attention,0.7124006075225587,0.02735598698698955,0.8176927229815526,0.006397873331376744,0.6500075380672395,0.7085348860550935
2,NN-Bottleneck,0.7218189940141159,0.018932331659805676,0.8134358119661865,0.02880416426103327,0.6500829187396352,0.6903284554631229
2,NN-LayerNorm,0.737967181869621,0.027482829767781842,0.8285298280312294,0.031595429468219194,0.6750339213025779,0.7105313954629023
3,LogisticReg,0.7187450489889514,0.0281672091753486,0.8164289401273352,0.017864200185298166,0.6549826624453491,0.7273588220673814
3,Ridge,0.7239423449179547,0.024943898978892997,0.8210158026659261,0.022411510750735567,0.6699080355796774,0.7691181689485697
3,LinearSVC,0.7262592691860984,0.021843038307391382,0.8206073976571324,0.018620944399381754,0.6549072817729534,0.7773486498976695
3,SGD,0.6530799011286815,0.039784077899984005,0.7071150623028689,0.018556533835097762,0.6601839288406453,0.706028498355864
3,LDA,0.7068405848893654,0.06007660054188538,0.7818060386032432,0.0351043283834626,0.6397557666214383,0.7174102822006718
3,GaussianNB,0.6545579082164449,0.03708226250924156,0.7312303220590767,0.027717897267145998,0.6301070405548018,0.6907249129471351
3,RBF-SVM,0.7293010512522707,0.07103771975715618,0.8280552047856125,0.06486636479139837,0.6598070254786673,0.7612466673023892
3,KNN,0.727102653444117,0.025762690301564098,0.780372865267788,0.03788591420015455,0.7100859339665311,0.7800925925925926
3,RandomForest,0.708072902707049,0.08785397405984938,0.8049745419162116,0.07211348191081042,0.6448816523443389,0.7491233606844799
3,GradBoosting,0.641511063462283,0.0396962681669046,0.765921379697887,0.027689716772634113,0.6801598070254787,0.7724046468064051
3,ExtraTrees,0.7253021233509039,0.05632883611339682,0.8136016404777595,0.05972280533880004,0.6800090456806874,0.7737946475059877
3,NN-DeepLinear,0.7452604306262843,0.025807302685410954,0.8077461054441059,0.02880327559550775,0.6552088044625358,0.6908552594827104
3,NN-Residual,0.7210369576223236,0.06664259219585726,0.8071582397716255,0.04769115912477687,0.6797829036635007,0.7233397373097361
3,NN-Attention,0.7346478453795527,0.03393532536895634,0.8187133840485773,0.02154495667014958,0.6699080355796774,0.7210447210447212
3,NN-Bottleneck,0.7453432204651715,0.0401128670020004,0.8232018643389728,0.0344186335581092,0.6749585406301825,0.7252024991751019
3,NN-LayerNorm,0.7224545102593883,0.024572461185002007,0.8183604267671116,0.015823084850486665,0.6751093019749735,0.7157060458193037
4,LogisticReg,0.7291408320676614,0.035188521352268916,0.8172503216555566,0.025680358570931767,0.6448816523443389,0.7190201066130314
4,Ridge,0.7266767920426457,0.03382185138600292,0.8188997919562387,0.029737431782463727,0.6549826624453491,0.7566955515952717
4,LinearSVC,0.7280413353584084,0.024741676621335536,0.8134843817624199,0.02016145702303287,0.6448062716719433,0.7655022446689114
4,SGD,0.6635840852914024,0.038815358061000345,0.7157356403038607,0.028493666767615736,0.6697572742348862,0.7198659812147373
4,LDA,0.7347538640221566,0.047617558256986235,0.8099338006604393,0.024278181805904964,0.6749585406301825,0.7470695970695971
4,GaussianNB,0.6539387712558445,0.030950343869004814,0.73400691042972,0.02444342645722116,0.609829639680386,0.6708359391286222
4,RBF-SVM,0.7286506447482058,0.07166203852592368,0.8298560849592423,0.06108978714853089,0.6598070254786673,0.7633009349044869
4,KNN,0.7189106286667263,0.013637728474521056,0.7702654751263295,0.012438129702213823,0.6850595507311926,0.7657223095279669
4,RandomForest,0.7197647339110754,0.07349305504800466,0.8150026193337384,0.06497102310102643,0.6598824061510628,0.7683673469387755
4,GradBoosting,0.7291944369993151,0.048519650311239865,0.8319651696727215,0.048421029120466925,0.6600331674958541,0.755012077294686
4,ExtraTrees,0.7488492808005004,0.036979948565861336,0.8396008927381654,0.03233023765184928,0.649932157394844,0.7572691858406144
4,NN-DeepLinear,0.7096292325560617,0.03315875949199359,0.8038025919305669,0.008701870196834305,0.6501582994120306,0.6854796411318151
4,NN-Residual,0.7319640251347567,0.06349677890268263,0.8079086588507151,0.038392391142888865,0.6898839137645107,0.72890559732665
4,NN-Attention,0.7690896095774145,0.0493719812972036,0.8519131169105024,0.027085384668055424,0.7048846675712347,0.7387694019892272
4,NN-Bottleneck,0.7561219810000299,0.060552087284075545,0.8250418487654937,0.03829608270568324,0.6799336650082918,0.7270824585172098
4,NN-LayerNorm,0.7659900533071266,0.044822337778832815,0.8464967994084289,0.03652031430892196,0.6799336650082918,0.7217586315544854
5,LogisticReg,0.7284469460079217,0.018764787001600825,0.811046040163462,0.017465474969931557,0.6848334087140057,0.7450734444627827
5,Ridge,0.742452723428333,0.02033508053983629,0.8355302920002403,0.009568968021510586,0.6598824061510628,0.7631756448819615
5,LinearSVC,0.7469412430388042,0.01703041457143644,0.8309430790069411,0.01481646652411812,0.6449570330167345,0.7657126823793491
5,SGD,0.643036421573007,0.03441552028551131,0.7020092730169862,0.0195940506907945,0.6448816523443389,0.692009004746132
5,LDA,0.7397665207421303,0.053408853143664725,0.8190888765160246,0.018206196362976223,0.6850595507311926,0.7568616224249881
5,GaussianNB,0.6469510706096072,0.03292230397379966,0.726646659645056,0.02019859390630947,0.6198552691090004,0.6796621182586094
5,RBF-SVM,0.7242568271836566,0.07560898281828685,0.8269692386288284,0.04947853681754551,0.6548319011005578,0.758032335741314
5,KNN,0.6935039756990977,0.029668381551613516,0.7695014508589786,0.01731926644328033,0.6597316448062717,0.7454442213247295
5,RandomForest,0.7081431847285505,0.06496264496890007,0.8222446040965353,0.04128451449813791,0.6448062716719433,0.7501378259935151
5,GradBoosting,0.6361237678310849,0.013845351976701831,0.7678605266228304,0.02724386677633286,0.6399065279662294,0.7304271915744417
5,ExtraTrees,0.7028377855207123,0.059148888144787796,0.8085077757934256,0.044454862460513805,0.6350067842605155,0.7424138194603683
5,NN-DeepLinear,0.7402123350903839,0.010200378062928886,0.8104353248219333,0.026403294657190483,0.6800090456806874,0.7128737266050699
5,NN-Residual,0.7322600434795556,0.05896189193768275,0.821676876521168,0.030022817096038976,0.7047339062264436,0.7531929314935851
5,NN-Attention,0.7641216236338187,0.024318144159933577,0.8493030537483822,0.007556657419279389,0.699984923865521,0.7385190068116897
5,NN-Bottleneck,0.7541808868638137,0.04413786213539081,0.819572607495651,0.025973091392959283,0.6748077792853913,0.7235010603431656
5,NN-LayerNorm,0.7375758658685488,0.051422125311511455,0.8330517015332553,0.04205123715654467,0.6849087893864013,0.734631456853679
6,LogisticReg,0.7221793382768992,0.015887064250275855,0.8100490852412161,0.013144998390511444,0.7100859339665311,0.773524604779887
6,Ridge,0.7325471276690788,0.02320125822815808,0.8268516200759127,0.012559901447105339,0.6601839288406453,0.7615653389238295
6,LinearSVC,0.7421549182524793,0.017613638161295915,0.8245278570562444,0.01397569143905323,0.6550580431177445,0.7756162237538947
6,SGD,0.6446246165758361,0.01898473414383421,0.7026708223268551,0.008107154883490578,0.6401326699834162,0.6792971097131786
6,LDA,0.7520474105839959,0.04109494163965501,0.8391988784759176,0.02525344089197739,0.6848334087140057,0.7562952892331213
6,GaussianNB,0.6463295512076,0.04127185822419434,0.725435279440485,0.027814282832527945,0.609829639680386,0.6794786431927152
6,RBF-SVM,0.72074629977069,0.06979560275925002,0.8275093856552268,0.050155692706038736,0.6498567767224483,0.7538733254768776
6,KNN,0.7124518300128057,0.04347793727536318,0.7779382331628454,0.03856428407400873,0.6697572742348862,0.7525136766647802
6,RandomForest,0.7028342118586021,0.05727121893271099,0.8109021417439378,0.043129641496606495,0.6750339213025779,0.7642472470058678
6,GradBoosting,0.6363459304922721,0.044489611517486656,0.7570631219332885,0.03954667707582007,0.629880898537615,0.7266919102148396
6,ExtraTrees,0.7264823252628131,0.07255354341175475,0.8256114689857227,0.0537430807192769,0.6899592944369064,0.7790093921672868
6,NN-DeepLinear,0.7425241966705382,0.03458115073581563,0.8218819099196377,0.035825796414809506,0.6750339213025781,0.7061246612466124
6,NN-Residual,0.7450120611096219,0.018625413351874873,0.8232427353617656,0.03552100037850648,0.725086687773255,0.77107137205254
6,NN-Attention,0.7493296405491527,0.06731212231687453,0.8418457757372214,0.02715761192181235,0.6745062565958088,0.7212787212787214
6,NN-Bottleneck,0.7372977158343011,0.043354201476805264,0.8418046760802863,0.024465388460375683,0.6797829036635007,0.7168458781362007
6,NN-LayerNorm,0.7299067869799577,0.04728643939590275,0.827030336883786,0.03409536082480077,0.6848334087140057,0.7333814407848577
7,LogisticReg,0.7441400875547218,0.016165172096542328,0.8284283435051446,0.00787481315424842,0.7048846675712347,0.7698606888149371
7,Ridge,0.7529503558771852,0.01968815143680177,0.8364772750660133,0.019679595818333343,0.6699080355796774,0.7704727769243899
7,LinearSVC,0.753933708567855,0.02406472210201344,0.8363876044649343,0.02087068111795822,0.6849841700587969,0.7913212311797219
7,SGD,0.6851442866077013,0.01641178246111999,0.7291816524211505,0.01124535708662239,0.6901100557816976,0.7359231776516806
7,LDA,0.7600863635009977,0.03436693789576452,0.8450831023518509,0.02097149773074053,0.7299110508065733,0.789063274270038
7,GaussianNB,0.6711849667947228,0.019589013255797583,0.7452886260041239,0.009304275701052517,0.6150309060756821,0.6816126260570705
7,RBF-SVM,0.7422335388189047,0.059550503628307126,0.8431755636690568,0.04460627660786282,0.6699080355796774,0.7677030860980835
7,KNN,0.727512433366092,0.05729525566462577,0.7936214662252823,0.046707339721051386,0.6996080205035429,0.7711538461538462
7,RandomForest,0.7131445248518421,0.034334631776934646,0.8096759848176479,0.024855348191349484,0.6550580431177445,0.7591754443712969
7,GradBoosting,0.7383924476607403,0.05719643082092987,0.8343375067942866,0.04548639884152787,0.6796321423187095,0.7748232854615833
7,ExtraTrees,0.7330998540754639,0.05645483460413395,0.8360959511217324,0.04438958686574643,0.6849841700587969,0.7754991556268175
7,NN-DeepLinear,0.7750725155603204,0.03093681954894068,0.8507196102556662,0.012123677074391858,0.6999095431931251,0.7405760145486173
7,NN-Residual,0.7451722802942315,0.03682681156065711,0.8252992874045431,0.0557341311431812,0.7000603045379165,0.74997113997114
7,NN-Attention,0.7746901337145239,0.053611277314496456,0.8593428162288467,0.03104365690013123,0.694708276797829,0.7447758102930516
7,NN-Bottleneck,0.7592066470115251,0.02777171129404024,0.8465480979183421,0.019912268388046692,0.6748831599577868,0.7171851278714662
7,NN-LayerNorm,0.7506578516334613,0.023387490522088182,0.8475938958887386,0.03801124657929438,0.6800844263530831,0.7327673686302818
8,LogisticReg,0.7581559903511123,0.03268806521312881,0.8320920829751479,0.018873239888780553,0.7048846675712347,0.7698606888149371
8,Ridge,0.7603359242383633,0.03590193951427172,0.8371799062988973,0.037162247794748464,0.6849087893864013,0.7778734395178649
8,LinearSVC,0.7727055600226332,0.03883038499459786,0.8480544399743762,0.04124794905391193,0.6749585406301825,0.7839285714285715
8,SGD,0.6578331695404867,0.04077042591308865,0.7110776568194229,0.02033637494627443,0.6601085481682496,0.7054575545501275
8,LDA,0.7580851127192592,0.0392753370364633,0.8449357045469709,0.017659959310868886,0.7148349163274537,0.7729053271252759
8,GaussianNB,0.6726075821197773,0.030448251313340252,0.7419799030116557,0.017288054554656956,0.6549072817729534,0.7144215961590724
8,RBF-SVM,0.7538812948569046,0.06540690138672692,0.8488684227550346,0.05287980227175341,0.6649329112015678,0.765675057208238
8,KNN,0.6956180946424849,0.053028117112191644,0.7733264795415474,0.04662589011784299,0.6446555103271522,0.7244292123213422
8,RandomForest,0.7347878138122041,0.07577524986044958,0.8387827933237432,0.05832638832622605,0.6450324136891301,0.7517620137299771
8,GradBoosting,0.7331784746418893,0.06352163555964553,0.8400553652164416,0.04765375539116273,0.6451077943615257,0.7336958946898706
8,ExtraTrees,0.7573811012835403,0.050964237660144136,0.8451740975345335,0.03772930426848515,0.6896577717473239,0.7770795431574692
8,NN-DeepLinear,0.7636225021590874,0.029795364547064548,0.8376676351384013,0.01722208674520957,0.6897331524197196,0.731928798618091
8,NN-Residual,0.7697912385717265,0.0614749771339161,0.8485970489455389,0.045349684434671474,0.7198100407055631,0.7648190222029884
8,NN-Attention,0.7432121266267607,0.053307315236094006,0.8335228451691082,0.02393077189590328,0.6646313885119856,0.7170588553499946
8,NN-Bottleneck,0.7637463891122428,0.061062208683078,0.857361253921754,0.0491607545707518,0.7097844112769486,0.7623224728487887
8,NN-LayerNorm,0.7569606003752346,0.04730760456935197,0.8415254307844012,0.05292651875918586,0.7098597919493441,0.7625122996614465
9,LogisticReg,0.7710473808034783,0.022630075020172922,0.8436867288088429,0.014536492538957115,0.7349615558570782,0.7963763878398025
9,Ridge,0.7842145388486852,0.03749642991937532,0.8653636371456654,0.03388918639811131,0.6800844263530831,0.771822438780004
9,LinearSVC,0.791545906667858,0.03470370561810063,0.866355494005323,0.03295743244971169,0.6650836725463591,0.7777270988289189
9,SGD,0.7205673188600018,0.05876430220553712,0.7578515597418702,0.05333230286999788,0.7250113071008594,0.7707317073170733
9,LDA,0.7635528157479378,0.05595699286567615,0.842025034770474,0.02593095887184671,0.714985677672245,0.7762771392081736
9,GaussianNB,0.69170880609905,0.03887493722808467,0.7535279781863276,0.02346886751975316,0.6700587969244686,0.7273509622907213
9,RBF-SVM,0.769818636647905,0.06587469990445145,0.8568456493671692,0.05167539304330414,0.6849841700587969,0.7774269005847954
9,KNN,0.7070282021501534,0.022750186605542497,0.7818202765380594,0.01924381357299564,0.6500829187396352,0.7259259259259259
9,RandomForest,0.7680752851484559,0.05878727041645938,0.8483499908815105,0.05552508014403595,0.6699080355796774,0.767315769377625
9,GradBoosting,0.7548843026891806,0.05847163964506992,0.8534672151945942,0.036381861017421545,0.6901854364540932,0.7647578649699541
9,ExtraTrees,0.7801417552637065,0.05095383134144508,0.8579282456032877,0.045494620622621926,0.7148349163274537,0.7936706150991865
9,NN-DeepLinear,0.7630560767146134,0.044304838897433994,0.8304293320601847,0.026200693747195757,0.6947836574702246,0.7354458991995051
9,NN-Residual,0.7532541171565562,0.021587322030379785,0.827272546072877,0.01196911632010169,0.7099351726217398,0.7627754604498791
9,NN-Attention,0.7553590041394921,0.013817625306580312,0.830483206125221,0.048133289748800816,0.7048846675712347,0.7438706311945747
9,NN-Bottleneck,0.7795300634325025,0.051279053365080415,0.8697542334328734,0.03510766912715711,0.7149102969998493,0.7666076042820228
9,NN-LayerNorm,0.7639709342148366,0.04815617733927894,0.8499680057369711,0.036001983037255395,0.7298356701341776,0.7811700494627324
10,LogisticReg,0.7869978260222164,0.04228701726768983,0.8487985632549032,0.018247684375952176,0.7248605457560681,0.7842022318766505
10,Ridge,0.7790374936716401,0.04248754978348676,0.8604091391624574,0.0378090100911559,0.6801598070254787,0.7768832572990926
10,LinearSVC,0.7741796956431103,0.04557924206638081,0.8545040066877805,0.03673084099843546,0.6699834162520729,0.7805144122266716
10,SGD,0.6975496590130735,0.032108549018072335,0.7369463896118766,0.01830238663621049,0.7098597919493441,0.7614805884848078
10,LDA,0.7278787337323923,0.07379799541330218,0.823038155694234,0.048666165686783426,0.6696065128900951,0.74614990744023
10,GaussianNB,0.6792417880222757,0.0705481481473398,0.7460171778499888,0.04864991973070871,0.6444293683099653,0.7071828083603179
10,RBF-SVM,0.7661532505434945,0.07678699876955146,0.859931826212995,0.053858662452225106,0.6900346751093019,0.7836002006794086
10,KNN,0.6915521605765509,0.027509784457139166,0.7749398790062844,0.03210132491461876,0.6200060304537915,0.6941685765215176
10,RandomForest,0.7423210935406058,0.09658286566602466,0.8315591853836505,0.07653483588678311,0.6648575305291723,0.7597279250134793
10,GradBoosting,0.7005568956788468,0.05134430747314821,0.8054933743475985,0.05214348176670644,0.6696065128900951,0.7588171036204744
10,ExtraTrees,0.7750379701599214,0.07294071582551012,0.859357466403084,0.0436608984110106,0.6999095431931254,0.7871930069772785
10,NN-DeepLinear,0.8048768575597843,0.01757094933167381,0.8690544134613934,0.02038961405521327,0.7350369365294739,0.778966958978404
10,NN-Residual,0.7720057178593764,0.04499532448235223,0.8490527008206996,0.028174410525755537,0.6999095431931254,0.7486228939791734
10,NN-Attention,0.7562041752285654,0.07504156703594511,0.848490867659927,0.043548671728883194,0.7244082617216945,0.7814303199860114
10,NN-Bottleneck,0.7912379761160248,0.037186470570861344,0.8529229222161652,0.02477175101118619,0.7348107945122871,0.7781214777075215
10,NN-LayerNorm,0.7721903570684058,0.05040312095086683,0.8577042216180302,0.03561553655807322,0.7148349163274537,0.7667985358819832
11,LogisticReg,0.7716447779862413,0.04685436072392133,0.8507159381444686,0.02424253878281972,0.7049600482436302,0.7703329592218481
11,Ridge,0.7715870037821259,0.05021475720004052,0.8563477606877029,0.0449142255094665,0.6901100557816976,0.7833129833129834
11,LinearSVC,0.7659203668959766,0.044337417936572227,0.8496525705903233,0.04261110441066026,0.6551334237901402,0.7727582059933558
11,SGD,0.6746567795348284,0.06832678486039948,0.7241780923979686,0.04313776474684313,0.6846826473692146,0.7371352074966534
11,LDA,0.7288197980880908,0.055996292559171754,0.8203307322771062,0.053209115995986364,0.6697572742348862,0.7449289062192288
11,GaussianNB,0.6935006998421632,0.0773704468752682,0.7467946715701048,0.05652685512123901,0.6745816372682044,0.7251859194141574
11,RBF-SVM,0.7745203847642873,0.0702458569375846,0.8675044424486388,0.04735435837804511,0.6950851801598071,0.7832179472628912
11,KNN,0.7034697281038745,0.01872995650053555,0.7820876759322433,0.03185775951426051,0.6599577868234584,0.7289769617355825
11,RandomForest,0.7668102087614281,0.053126753105775734,0.8507912062557806,0.04886927064241572,0.7249359264284637,0.8043708251283833
11,GradBoosting,0.6904136513892611,0.016138581923848046,0.7782711515478481,0.027892052729079617,0.6549826624453491,0.7495802842087902
11,ExtraTrees,0.7550215908752493,0.040648631548647916,0.8542370738528767,0.02207686219882781,0.6748077792853913,0.7702991452991453
11,NN-DeepLinear,0.7553965275916497,0.02715695361138857,0.8355424803979861,0.03945733707860423,0.7047339062264436,0.7477153636189781
11,NN-Residual,0.7842383632627535,0.09372881518155711,0.8628516417529603,0.06864260267076656,0.7044323835368611,0.7487377981495628
11,NN-Attention,0.7575234521575984,0.0442717054308786,0.834791980940039,0.03059357664801373,0.6850595507311926,0.7315608531126255
11,NN-Bottleneck,0.7814127877542512,0.06571269355976851,0.8702140552163328,0.04119412758384083,0.6898085330921151,0.7437671907956146
11,NN-LayerNorm,0.7740605735727687,0.060266632350674997,0.8681401460523045,0.04372069946562848,0.6899592944369064,0.7436775683983429
12,LogisticReg,0.7827683969147383,0.04595517625052403,0.8470350643303955,0.03623395013439246,0.7198854213779587,0.7804032358860975
12,Ridge,0.7783894696089817,0.041422788063600405,0.848642422173779,0.049814181637633896,0.6850595507311926,0.7787627831106092
12,LinearSVC,0.7716715804520682,0.04313403742170149,0.850740969475301,0.039575243257388946,0.700135685210312,0.7991857105332283
12,SGD,0.6542538491318979,0.011697790393253436,0.7065122670958836,0.010455151418739752,0.6749585406301825,0.7386788048552755
12,LDA,0.7166824503409869,0.07729544052925047,0.8113960092320939,0.05155759157696228,0.6598824061510628,0.7446643127072462
12,GaussianNB,0.6669034217814706,0.07911659879213861,0.7248353926506587,0.05261501618572382,0.6596562641338761,0.7157536344664605
12,RBF-SVM,0.7653497721790404,0.06695716904314435,0.8617759742974492,0.04443498178786524,0.6950097994874115,0.7844132334581772
12,KNN,0.6828684594538253,0.031995430965578726,0.7585480930257783,0.03267510137942022,0.649932157394844,0.7183802529579763
12,RandomForest,0.7312972393460199,0.04297907104552149,0.8277302451954837,0.027034371694719728,0.6852103120759837,0.7729581331503089
12,GradBoosting,0.7450299294201734,0.07709993988260466,0.8407626809727055,0.054443805981668335,0.6948590381426202,0.7690963341858482
12,ExtraTrees,0.7479606301557521,0.0821014892904323,0.8543437611083119,0.049983225774977276,0.6448062716719433,0.7466448189762795
12,NN-DeepLinear,0.7851776407873968,0.034720581711244786,0.8673795628599471,0.012308317762815378,0.6896577717473239,0.7368995917807281
12,NN-Residual,0.7866672622770183,0.041305197789305415,0.8583528690310175,0.03325056920982235,0.7049600482436302,0.7579004983723676
12,NN-Attention,0.6839816552011674,0.03607293614777866,0.7809546233059071,0.0029786141337435623,0.6147293833860998,0.6748971193415638
12,NN-Bottleneck,0.7766997230411864,0.0693686097927322,0.856606751575303,0.036148512100308706,0.7247851650836726,0.7737168770776887
12,NN-LayerNorm,0.7670990797820064,0.07278587875890381,0.8551523913210858,0.04589888876843029,0.7146841549826624,0.7702056920827576
13,LogisticReg,0.7627344471246911,0.045235258309047885,0.8347602009120068,0.02138975622036489,0.7148349163274537,0.7783799533799534
13,Ridge,0.771321361565264,0.046542233227915834,0.8495848590417152,0.03663022342519276,0.6549826624453491,0.7536231167884564
13,LinearSVC,0.7699556270287977,0.05097946626910251,0.8524168224604601,0.03663680875172912,0.6751093019749735,0.783641975308642
13,SGD,0.6559546144912,0.03253096475352195,0.709648491673482,0.019691271924220415,0.6648575305291723,0.7195385914898109
13,LDA,0.7384055510884778,0.06132608220036193,0.8356678416685757,0.03869703767630398,0.6849841700587969,0.76262143653448
13,GaussianNB,0.6847687542809494,0.08275442270846166,0.7390099350915541,0.06292198418784113,0.6745816372682044,0.7273011408032505
13,RBF-SVM,0.7678108341522977,0.09136714111895787,0.8622718237400843,0.06292297577923353,0.6849087893864013,0.7774687890137328
13,KNN,0.6934658566365884,0.02664069900037978,0.7743390113620651,0.031722302014760534,0.6549826624453491,0.7226925247550152
13,RandomForest,0.7726867982965544,0.078869236041811,0.8498121523544858,0.06998450066441335,0.6950097994874115,0.7799399674399674
13,GradBoosting,0.804129366568391,0.04869061819969932,0.8897986422032091,0.0204718317504294,0.704658525554048,0.7871321431482841
13,ExtraTrees,0.765087703624289,0.08634169067816433,0.85420340007775,0.059450398018978605,0.6998341625207297,0.7865401817315983
13,NN-DeepLinear,0.7642258554453677,0.04208897417297433,0.8209317548138243,0.026694630984995575,0.7197346600331674,0.7645164741121094
13,NN-Residual,0.7458977337026118,0.082551360271004,0.8240204309362295,0.059033416486317956,0.6997587818483341,0.7567547395133603
13,NN-Attention,0.7091819291819292,0.02884343425708947,0.809255609131756,0.02770307406810327,0.6448816523443389,0.7127331420373028
13,NN-Bottleneck,0.7825432562017927,0.07353719203412747,0.8632788754279854,0.04881841379649633,0.6949344188150158,0.73671316337983
13,NN-LayerNorm,0.7718776616337593,0.058201108790497856,0.8612060827816072,0.04412309495930872,0.6999095431931251,0.7492877492877493
14,LogisticReg,0.782426516572858,0.048009418789570886,0.8336963695501004,0.02248566495182811,0.7148349163274537,0.7752694553022166
14,Ridge,0.7792155811668007,0.051566318122292704,0.8414524860982051,0.05761164847684412,0.6800090456806874,0.7730954210421469
14,LinearSVC,0.7858214955775932,0.05424839547123327,0.8568568714353684,0.048197357458583154,0.6799336650082918,0.7850013133701076
14,SGD,0.7051949134875964,0.029368833465159738,0.7440468627688911,0.020225327102709016,0.7098597919493441,0.7559021009313408
14,LDA,0.7579558652729385,0.04583728719153946,0.8425488869473478,0.034571620689789466,0.699984923865521,0.7663830591794291
14,GaussianNB,0.7276863515887907,0.08568971034434097,0.7757301233628637,0.06588530312240942,0.6846072666968189,0.7356046217157329
14,RBF-SVM,0.7820417522856546,0.08562317014324093,0.864404116652948,0.06713636178441512,0.6948590381426202,0.7814217247979757
14,KNN,0.7085848298043421,0.03567317912416004,0.7843908946722925,0.025402064317827024,0.6451077943615257,0.7205043341213555
14,RandomForest,0.7689567884689836,0.08045364020094618,0.8495203285407378,0.0655681015995801,0.6899592944369064,0.7841732857648104
14,GradBoosting,0.7543768426695258,0.08064264951230428,0.8458949056554097,0.052369679149769394,0.68475802804161,0.7605374477060586
14,ExtraTrees,0.7809357038625331,0.06506086852322267,0.8612566584150305,0.05094787814787643,0.6950097994874115,0.7799973418394471
14,NN-DeepLinear,0.7881172756782512,0.050288396791838955,0.847516337306768,0.02273512412018325,0.7098597919493441,0.7522127255460589
14,NN-Residual,0.7929116412043241,0.06982536865315465,0.870055834567963,0.056619246618629035,0.6999095431931251,0.7504794717197818
14,NN-Attention,0.7457601477113672,0.016019429369141833,0.8208271425729058,0.03433253563405465,0.7002110658827077,0.7618364418938306
14,NN-Bottleneck,0.7966348015128503,0.059848460222118,0.8572643790318176,0.030122223327668684,0.7497361676466155,0.7953503136429966
14,NN-LayerNorm,0.8065368236099943,0.07796860127193107,0.8755735839087565,0.05870522220946576,0.7197346600331674,0.7729722064662509
15,LogisticReg,0.7846511212364872,0.028385847730055258,0.8442873239827983,0.0074681224876895075,0.729760289461782,0.7886445808141422
15,Ridge,0.7840251347568422,0.04700623232709873,0.851199398887092,0.04826774220353953,0.7099351726217398,0.7891378773731715
15,LinearSVC,0.7904481967896603,0.04364525328278511,0.8625895457298113,0.03522530111456046,0.7099351726217398,0.8007834757834758
15,SGD,0.658591083713035,0.06916443904775718,0.7129193578785221,0.04289714819160415,0.6745816372682044,0.7350622000195907
15,LDA,0.7932046814973644,0.030662618905380357,0.8698803914394584,0.021169595267882448,0.7498869289914065,0.8058990357345435
15,GaussianNB,0.7131439292414902,0.0597493247107728,0.7698480542592344,0.04075451676489255,0.6696065128900949,0.7214681993934849
15,RBF-SVM,0.7938169689389202,0.07697424117312092,0.8768161385774622,0.055073850118970244,0.7048846675712347,0.783958997632974
15,KNN,0.7264608832901516,0.04715051006353914,0.7934201232445242,0.037800983672595205,0.6549072817729534,0.7259259259259259
15,RandomForest,0.8009982429494625,0.040797801309132194,0.873629484493919,0.03015994367889332,0.7197346600331674,0.794137022397892
15,GradBoosting,0.7210726942434259,0.06504737944634173,0.8271039507604355,0.040621957187428316,0.6247550128147142,0.7135493460879155
15,ExtraTrees,0.7848822180529497,0.07353114650566449,0.861418367007555,0.054688235334851544,0.7298356701341776,0.8022895644119465
15,NN-DeepLinear,0.8085041246016855,0.05293237063396645,0.8801973444273593,0.025765305557032846,0.6996834011759385,0.7435108654620851
15,NN-Residual,0.7814407814407814,0.07006510247052793,0.8483321379548644,0.055443875807095144,0.7145333936378712,0.7586568304057457
15,NN-Attention,0.7377605050775782,0.0706404318359028,0.823763170105048,0.04518622757718546,0.6498567767224483,0.7196007259528131
15,NN-Bottleneck,0.8089329640549151,0.06552953056465963,0.8743859476789458,0.03823817293064993,0.7446856625961104,0.7946311858076563
15,NN-LayerNorm,0.8128663748175944,0.060738401962744125,0.8745363119427787,0.044445118256260116,0.7397105382180009,0.7791413228122089
16,LogisticReg,0.7796068971678727,0.02534620084730547,0.8410163990888444,0.007896043165930441,0.714759535655058,0.7781055748251869
16,Ridge,0.7775032014056406,0.0368614181138107,0.8429411767431806,0.034087078626166986,0.7249359264284637,0.7994235674063898
16,LinearSVC,0.7848149140832067,0.0374709167057092,0.853312312108827,0.026223682159421363,0.714985677672245,0.8016126391146668
16,SGD,0.6926465945978141,0.03392867787595539,0.7361907576565568,0.02632558960614434,0.6948590381426202,0.7405987251943605
16,LDA,0.7932725810774591,0.04605970576018633,0.8706203414689023,0.03474936080240853,0.7400120609075834,0.7989335767113545
16,GaussianNB,0.7445456982042349,0.06704993920782852,0.7998258012316425,0.05671389041173191,0.694708276797829,0.7462568221604368
16,RBF-SVM,0.7999589028857321,0.07095940746152254,0.8800381288178976,0.0504632563273912,0.7048846675712347,0.783958997632974
16,KNN,0.7227207480866018,0.03842747698631013,0.7965697112277041,0.04345545440842938,0.6648575305291723,0.7476926010678872
16,RandomForest,0.7632017034456059,0.08765669105744382,0.8512847893926168,0.06267401184569381,0.704809286898839,0.784074870950319
16,GradBoosting,0.765619583668364,0.015128195815744908,0.8543699474634469,0.005238268136959304,0.7348861751846826,0.8042902139676332
16,ExtraTrees,0.8026391494684179,0.06817926471358517,0.88161654965606,0.04456479411792238,0.6947836574702246,0.7692622184842538
16,NN-DeepLinear,0.7867357574674648,0.03756346314011466,0.8487252458021896,0.016061201981491195,0.704809286898839,0.7483399955585165
16,NN-Residual,0.7650364811340422,0.06363718239525817,0.8203236336987677,0.043624839178860786,0.704809286898839,0.7522059232314889
16,NN-Attention,0.7525917984454571,0.002350220184168443,0.8397399756537786,0.017557340657975228,0.6899592944369064,0.7466677861250436
16,NN-Bottleneck,0.8125107954376247,0.059987963004847544,0.8828904942239949,0.03890803336063025,0.7497361676466155,0.7924297924297924
16,NN-LayerNorm,0.8218940409184311,0.05048919679016719,0.8828469072559343,0.0400264433324825,0.7649630634705261,0.7960248723073505
17,LogisticReg,0.7891509574436405,0.02551911978488838,0.8464675928319799,0.005911144221495438,0.724709784411277,0.7846460384435069
17,Ridge,0.7952887221179904,0.0399908812301935,0.8543246183684124,0.03410076089851374,0.7148349163274537,0.78991974317817
17,LinearSVC,0.7955823580213824,0.042100366590872115,0.8549998148751273,0.036108545948312094,0.704809286898839,0.7917226294178595
17,SGD,0.7103981655201167,0.0032587178654708902,0.7480493152050416,0.007091492557200071,0.7100105532941354,0.75194314901177
17,LDA,0.8015926620804669,0.06317149114378667,0.8731844809236367,0.04918423617200758,0.7197346600331674,0.7813953488372093
17,GaussianNB,0.744979302540278,0.06955936780633594,0.7985369684663556,0.05815329013547028,0.7146087743102668,0.7608383486432265
17,RBF-SVM,0.8034235683016172,0.074167405345656,0.8799764078778535,0.0563788898333122,0.7049600482436302,0.782348494953537
17,KNN,0.7387003782125733,0.016836072640984162,0.8056446969489032,0.006217676635405731,0.6450324136891301,0.7397734117409485
17,RandomForest,0.7991539354953989,0.0633726950868218,0.8652315566359788,0.04833613350485246,0.7149102969998493,0.7921469578383172
17,GradBoosting,0.7360231096816463,0.023375950531033286,0.8272116208157597,0.012516943246780425,0.6848334087140057,0.7552086073761566
17,ExtraTrees,0.7751740671252865,0.07604388499114496,0.8640949647356058,0.0462896347219327,0.704809286898839,0.7813500158665397
17,NN-DeepLinear,0.809695940915453,0.04529644689752715,0.8588235808108847,0.03732197808156287,0.7097090306045529,0.737093043942359
17,NN-Residual,0.802673099258465,0.05689790459036238,0.8486188513799252,0.05226982106371153,0.749811548319011,0.7883371993144417
17,NN-Attention,0.7020500908305788,0.0368611907766458,0.7885439082108419,0.024862949539451937,0.6248303934871099,0.7016847073026847
17,NN-Bottleneck,0.8227457637213735,0.05813565627149345,0.8868377701660933,0.041197372233488204,0.7448364239409017,0.7888535594417947
17,NN-LayerNorm,0.8093052205247327,0.06187702954252425,0.8743511031579999,0.04986768694613947,0.7296095281169909,0.7719220164419299
18,LogisticReg,0.796800381190625,0.03233514795469623,0.8544526507644391,0.0034726848610917033,0.7448364239409017,0.7992933320472936
18,Ridge,0.8047642872033115,0.024602129681879525,0.8658915682196332,0.023537398087266286,0.7248605457560681,0.7960781105111002
18,LinearSVC,0.8056070758509782,0.031618269924578925,0.8704001019461449,0.02321597387957579,0.7198100407055631,0.8043502595873623
18,SGD,0.7265615414395903,0.03066165463750013,0.760695775257115,0.029433104402525986,0.7299110508065733,0.7731392235609104
18,LDA,0.7830066410554215,0.05128902904323867,0.8648808193871238,0.037492112659245874,0.7100105532941354,0.7768097675443316
18,GaussianNB,0.7282486077608029,0.050802385016323795,0.7782973146167543,0.03495284570388511,0.6945575154530378,0.7485978937639238
18,RBF-SVM,0.8093606122874416,0.061638144936506024,0.8880709870709284,0.041016900391250236,0.6949344188150158,0.7773250567420492
18,KNN,0.7196247654784239,0.024884504655505423,0.7869957921506511,0.0287007844310728,0.6599577868234584,0.7417169616497724
18,RandomForest,0.7840638494297032,0.04742459328368355,0.8702097140460737,0.03853601345357602,0.6948590381426203,0.7784592176446109
18,GradBoosting,0.7584907233687721,0.04776593625144755,0.8525681961274271,0.0154876152421851,0.7000603045379165,0.768199233716475
18,ExtraTrees,0.8003651091455969,0.03739241143125535,0.8845629562990519,0.017236657025355248,0.6901854364540932,0.7756689232753063
18,NN-DeepLinear,0.811874087971649,0.03779046038773551,0.8861283400734697,0.01990964168001146,0.7149102969998493,0.7463837076513133
18,NN-Residual,0.8033026594002205,0.038271650816163225,0.855782219867593,0.03316570066317942,0.7499623096638022,0.7952275366909514
18,NN-Attention,0.7661883915542451,0.03352648491101224,0.8441320893742209,0.010213597826811329,0.7103120759837177,0.7583354016712169
18,NN-Bottleneck,0.8275308972869949,0.05386187907924544,0.8940359365811075,0.037555864144940325,0.7296849087893863,0.775946275946276
18,NN-LayerNorm,0.8203162690967569,0.04991616016193853,0.892602740451645,0.02883433650325241,0.75976179707523,0.8003582000836843
19,LogisticReg,0.8094868816820036,0.031747060202061736,0.8659268063709987,0.01174225887917169,0.7546359113523292,0.8099846782431053
19,Ridge,0.8087572590011615,0.03450616704730775,0.8708384979711482,0.02965634247647753,0.7299864314789688,0.7965598231555678
19,LinearSVC,0.8105732749635189,0.03941787974386951,0.871902098387508,0.03003836319115605,0.7097844112769486,0.7942048031333746
19,SGD,0.7389600643259179,0.0308998122852818,0.7726116447395275,0.027471975801050905,0.7298356701341776,0.7631578947368421
19,LDA,0.8051520295422735,0.04084546332594029,0.8843967051439977,0.02817193144203376,0.7298356701341776,0.7907983489378839
19,GaussianNB,0.7376443610589952,0.04069987827919484,0.7827421067756534,0.028696682364226477,0.7097090306045529,0.7619194727628463
19,RBF-SVM,0.8223645730962804,0.06661516458873784,0.8972823018060853,0.04227757484080369,0.6798582843358963,0.768215628854434
19,KNN,0.73566872152238,0.031031889224128847,0.798606619180708,0.0333870638275569,0.6849841700587969,0.7646272191829633
19,RandomForest,0.7927934125495101,0.0793364054218792,0.8706419826281215,0.050314366237111684,0.7195838986883762,0.7926356589147288
19,GradBoosting,0.7692397033860449,0.035931873199645886,0.863688171692039,0.024034439085169525,0.6647067691843812,0.7434046345811053
19,ExtraTrees,0.8414708597635426,0.03615025166923837,0.9037394927113759,0.02277630468412028,0.7148349163274537,0.792393347983246
19,NN-DeepLinear,0.824062062598648,0.03937954988736222,0.8863662592185908,0.014120369010936362,0.729760289461782,0.7699905033238368
19,NN-Residual,0.8095917091039042,0.0434187196469739,0.859892610249697,0.03211151511164669,0.7296849087893863,0.7752917122467052
19,NN-Attention,0.7222972691265372,0.017255216985733682,0.795311814723687,0.012467038725040295,0.6850595507311926,0.7355360976280364
19,NN-Bottleneck,0.8419571756157122,0.048731767099265,0.8975493256786451,0.027629814194748994,0.7646615407809438,0.808082145431543
19,NN-LayerNorm,0.840944042407457,0.05220784491876058,0.9080279196880033,0.02860617290930106,0.7696366651590533,0.8120253730009828
20,LogisticReg,0.8033437565144883,0.037652154145930594,0.8648342901875076,0.013911880296674754,0.7397105382180009,0.8012786026272883
20,Ridge,0.7986634503707674,0.04747401654230795,0.8655222508381138,0.03491183329819504,0.6999095431931251,0.7762355326518544
20,LinearSVC,0.8104684475416182,0.04602248548824016,0.8828936442251211,0.028312479564054607,0.6997587818483341,0.7886585149743045
20,SGD,0.7274433425652939,0.04681950563508516,0.7631065850942079,0.03646897541005092,0.724709784411277,0.7637606837606837
20,LDA,0.7997421007177105,0.040972382869525155,0.8769787080925034,0.025929098047051756,0.7249359264284637,0.7823470980559103
20,GaussianNB,0.7509467226540396,0.030857884287218754,0.7946421564366265,0.017403761179004038,0.7199608020503542,0.769711041159705
20,RBF-SVM,0.8163262753506656,0.06461104003188067,0.8952064391074938,0.03949808797201164,0.6898085330921151,0.7747512479494444
20,KNN,0.7391229637571101,0.028375336052302007,0.8047543519573385,0.04354134443176029,0.6849841700587969,0.7700154205217972
20,RandomForest,0.8274350040203698,0.053690867773096645,0.9010546124871307,0.027912513829164962,0.7247851650836724,0.79930266898243
20,GradBoosting,0.7571428571428571,0.05568884661817879,0.8394563561918967,0.05041151169377016,0.6948590381426202,0.7746701168045634
20,ExtraTrees,0.8435998689657227,0.0536346261467062,0.9078960037887178,0.030613720828780198,0.729760289461782,0.8040935672514621
20,NN-DeepLinear,0.8204157360254921,0.04635217298592113,0.8779212313834549,0.028979187001710163,0.7195838986883762,0.7593728343728344
20,NN-Residual,0.8205741683790464,0.05203418245106508,0.8761013275451344,0.03009857783105304,0.7545605306799336,0.7866151866151866
20,NN-Attention,0.6715071919949969,0.02413969222668644,0.7830561502960496,0.019793449459750975,0.639831147293834,0.6954526748971194
20,NN-Bottleneck,0.8448816224425979,0.044275493241123766,0.9098329780239252,0.023546196417999432,0.7847881803105684,0.8225074882327771
20,NN-LayerNorm,0.8415849191458947,0.05107239682028317,0.8994196051107931,0.03628953995628551,0.7797376752600633,0.8175518925518924
21,LogisticReg,0.7978998778998779,0.0418184328156427,0.8632645864295841,0.018253472368344785,0.7346600331674958,0.7998031848273394
21,Ridge,0.795815837279252,0.04661612036981605,0.8673241845728094,0.033973007100844256,0.6949344188150158,0.7769205923275692
21,LinearSVC,0.810742428303404,0.04858827729403576,0.8821202131486884,0.030647206221274745,0.6998341625207297,0.7887626262626263
21,SGD,0.6764334852139732,0.09956789069646138,0.7319481478154576,0.08259821719715464,0.679707522991105,0.731175620064509
21,LDA,0.7927412966437357,0.03980993170439967,0.8732612111045434,0.027298323537407312,0.7148349163274537,0.7766020563172752
21,GaussianNB,0.7355198189344532,0.0551121693756826,0.7770429278630365,0.043146359323328706,0.704809286898839,0.7538369137654598
21,RBF-SVM,0.8201977426367671,0.061633493546650105,0.8951168467035834,0.039085049868866684,0.6898085330921151,0.7764867695491425
21,KNN,0.7462003037612793,0.023805776969151003,0.8082915529833761,0.03207345638451155,0.6799336650082918,0.7668650793650794
21,RandomForest,0.8034944459334703,0.03407381417707767,0.8790601548111346,0.02178428216981853,0.7148349163274537,0.7946005935065944
21,GradBoosting,0.7571637035051669,0.07426975427585739,0.8472881402474646,0.045631540179950615,0.7148349163274537,0.7870439619728004
21,ExtraTrees,0.8005315822388992,0.06174161150343351,0.8758538443903566,0.04485384451362394,0.7198854213779587,0.7917419203265642
21,NN-DeepLinear,0.8266202090592335,0.016776150171933072,0.8783201067432698,0.005360345086286824,0.7448364239409017,0.7751882820375972
21,NN-Residual,0.8102969117603264,0.06253993449980781,0.871304144292922,0.026804811916003958,0.7446102819237147,0.7926037377256888
21,NN-Attention,0.7390541707614878,0.01876539311081388,0.8307144639159487,0.009622156786293285,0.6748077792853913,0.7254949691658551
21,NN-Bottleneck,0.84731647756038,0.053744814485665315,0.9092216337913178,0.03617823405136644,0.7547112920247248,0.7848723043827409
21,NN-LayerNorm,0.8300759403198428,0.034373568885717416,0.8926559034930461,0.025125141074124908,0.75976179707523,0.7997611999442104
22,LogisticReg,0.8052455403674915,0.04008041968709234,0.8677752950275405,0.018110276179780112,0.749811548319011,0.8080214337573463
22,Ridge,0.8079650972333899,0.04332051169718416,0.8718270729137588,0.03451555562618481,0.7198854213779587,0.7915118766182596
22,LinearSVC,0.8226331933649007,0.04190540704275553,0.8868854313247768,0.029307711859863063,0.6948590381426202,0.7871742790221051
22,SGD,0.6987507072872927,0.06589335305871631,0.7418344177419013,0.05431934938274868,0.7047339062264436,0.7539949762171984
22,LDA,0.7869346913249352,0.045294598262719886,0.8665447452627332,0.033792640085532,0.714759535655058,0.7752792475014697
22,GaussianNB,0.7448816224425979,0.04993004482171321,0.7907823807157354,0.03820841676273791,0.7146841549826624,0.7629691396629066
22,RBF-SVM,0.8188921647458235,0.06340213964848226,0.8945679431252876,0.04009455442090682,0.6947836574702246,0.7774933399933399
22,KNN,0.7479996426337889,0.046806401884459316,0.8009737979548897,0.04507666368389975,0.6849841700587969,0.7728303442589158
22,RandomForest,0.7979832633491171,0.06014462329437122,0.8783873053387885,0.033958501793119725,0.7145333936378712,0.7909814333015879
22,GradBoosting,0.7612299353762769,0.06080082695200096,0.8409671964566542,0.04736552789173882,0.6647821498567766,0.7533235581622678
22,ExtraTrees,0.8103707674439381,0.04214064710998211,0.8849827678541152,0.028405722307408954,0.6897331524197196,0.7784404721122068
22,NN-DeepLinear,0.8189261145358705,0.021249352060384117,0.8808417120846062,0.006803677903978131,0.76986280717624,0.7980847158929351
22,NN-Residual,0.8189374311325531,0.03398484720031136,0.8762756564346548,0.018741354334502254,0.7646615407809438,0.8052692911790039
22,NN-Attention,0.7044378927305757,0.07638086415379756,0.7941441240719032,0.04828817129407871,0.6597316448062717,0.7138333480490918
22,NN-Bottleneck,0.8397248280175109,0.04825488065782284,0.9062946746913724,0.03046228007789583,0.744761043268506,0.7856493444348741
22,NN-LayerNorm,0.8210586974001609,0.05193414190425426,0.8825298120246008,0.03600628028465319,0.7547866726971204,0.7882294920269605
23,LogisticReg,0.8041257929062807,0.03191000331982569,0.8668915807150309,0.00960157398960625,0.7248605457560681,0.7862692862692863
23,Ridge,0.7959063700527116,0.04114716796200445,0.8621611193293351,0.02985712427875099,0.7097090306045529,0.7881168161340576
23,LinearSVC,0.8061169183120404,0.03944511392312524,0.8708495033512221,0.03058937088763987,0.6898085330921151,0.7823751686909581
23,SGD,0.727699752821704,0.03474949040777275,0.7625551894208611,0.02979400697223954,0.7247851650836726,0.7635765057987282
23,LDA,0.7831412489949076,0.06260249734215474,0.8631590929711743,0.04466045813222585,0.724709784411277,0.7846923150540722
23,GaussianNB,0.7511456565115102,0.045678199291527645,0.7978169731428494,0.03114724214419468,0.6896577717473239,0.7406416728909954
23,RBF-SVM,0.8140558086899551,0.0675737631859827,0.8894619852366267,0.04465222560212753,0.6996834011759385,0.779114906832298
23,KNN,0.7371854432830043,0.059847360511271416,0.7884302789603671,0.05434421587684974,0.6998341625207297,0.7824346405228759
23,RandomForest,0.8271815718157182,0.04777953780266578,0.9011475643067964,0.03103769648116516,0.704809286898839,0.7815087145969498
23,GradBoosting,0.799867178891569,0.05648245101910575,0.8775356224836145,0.040244741382542755,0.7246344037388813,0.7887652906151125
23,ExtraTrees,0.7889594687155662,0.0473140597574538,0.8785187419864299,0.024223408029940524,0.6999095431931251,0.7792993930585275
23,NN-DeepLinear,0.8108159861818399,0.04073155447098466,0.8691634187110848,0.01632846698680381,0.7198100407055631,0.7580509802732025
23,NN-Residual,0.829178355519819,0.030853201785275567,0.8773982116569231,0.025862801265812287,0.75976179707523,0.7868359505512862
23,NN-Attention,0.7257404925697609,0.032489577871754924,0.8211850025533448,0.021957596447140012,0.6598070254786673,0.7072947801602772
23,NN-Bottleneck,0.8331373775276214,0.04608312826901433,0.8920881202938812,0.03393145409070335,0.7647369214533394,0.8028834965233432
23,NN-LayerNorm,0.8177688436225021,0.047451203750069226,0.888548234381349,0.03336848042921768,0.7497361676466155,0.7949039264828738
24,LogisticReg,0.7984121028023466,0.04586077574688263,0.8530510834535091,0.016149430699907583,0.7247851650836726,0.7886864571592573
24,Ridge,0.7988022275827152,0.0391429441692606,0.8585200073905938,0.032826864700039794,0.7198100407055631,0.7960704239774007
24,LinearSVC,0.8026468924029899,0.03796899744969338,0.8713696549658033,0.02846304322003899,0.6998341625207297,0.7897437917949098
24,SGD,0.7497447809642931,0.01875494916786105,0.7761730328483729,0.01778256683852885,0.7551635760590983,0.7958689701037783
24,LDA,0.7581131064057893,0.055700195693378446,0.8486012510091848,0.03923842990045508,0.7098597919493441,0.7710727969348659
24,GaussianNB,0.7597861758837369,0.03319557480550218,0.8075416187053431,0.020595127336563587,0.6846826473692146,0.7379371582852171
24,RBF-SVM,0.8035593674618063,0.06699218694558637,0.8814866334599037,0.04602330957193364,0.704809286898839,0.7842014922515032
24,KNN,0.7287906131808571,0.05718185955736089,0.7881105482917782,0.054090944083666215,0.6997587818483341,0.7821569784291805
24,RandomForest,0.7988168200363323,0.05851184142712442,0.8791060891562709,0.03844733746122681,0.714759535655058,0.7939740655987796
24,GradBoosting,0.7600869591113494,0.032356040202669384,0.8498470588907144,0.036097889888562336,0.6950097994874115,0.774899532964049
24,ExtraTrees,0.7972470889544061,0.0504958549457229,0.8740740713053913,0.028854539074855058,0.7198854213779587,0.792026592996878
24,NN-DeepLinear,0.8100223353881889,0.044215848716326264,0.8707855099527402,0.028362800395774712,0.7198100407055631,0.7540657540657542
24,NN-Residual,0.7989952053366688,0.06726346818106325,0.8734011405797409,0.04402435987344342,0.7348107945122871,0.7802583979328165
24,NN-Attention,0.7633925965633283,0.024544669374221954,0.8571942116977803,0.013279881817626304,0.7149102969998493,0.760188997993876
24,NN-Bottleneck,0.8309497007057982,0.05972137766334957,0.8958571666710612,0.035692450495698656,0.7647369214533395,0.8011384131711757
24,NN-LayerNorm,0.828501146549927,0.05350927246656819,0.8930230055630938,0.03648009888754265,0.7596864164028343,0.8067419526922334
25,LogisticReg,0.7975240477679503,0.03912245112447914,0.8574716280993769,0.021720967425062444,0.7348107945122871,0.7924416579588994
25,Ridge,0.7962899431192113,0.039788488571365056,0.8634920035671917,0.03245766220135585,0.7048846675712347,0.7879500040922749
25,LinearSVC,0.8024592751422018,0.03556771963637484,0.8722637304405803,0.029303528881209646,0.6849841700587969,0.7848584629176293
25,SGD,0.689447571398791,0.03143607161544098,0.7337609261717858,0.029666012023389043,0.6899592944369064,0.73528129395218
25,LDA,0.7432395247029392,0.07102821341319196,0.8341999868239673,0.05854454759100703,0.6698326549072817,0.7395954919843578
25,GaussianNB,0.7346198516930226,0.05396259351938336,0.7833009068330208,0.0394516662005246,0.7047339062264436,0.7527123082678638
25,RBF-SVM,0.795491229637571,0.07330010839110188,0.8765674241591898,0.05215951684649167,0.6849087893864013,0.7742640159512081
25,KNN,0.6925194317877245,0.018353431638266336,0.760433348102656,0.016798610927709588,0.6699834162520729,0.7606129782287043
25,RandomForest,0.7508278983888741,0.05234686743343999,0.8413398932405594,0.03947090259865608,0.6899592944369064,0.7778629422149709
25,GradBoosting,0.7070669168230145,0.031001083990626323,0.8040861353454374,0.035150663510911534,0.6803105683702698,0.7601638237274675
25,ExtraTrees,0.7848315911730546,0.036565520122937074,0.869503654849372,0.025175767301996645,0.6797829036635007,0.7718059855521157
25,NN-DeepLinear,0.8057184549867475,0.04427702135824347,0.8676344640145962,0.019757226474334585,0.704658525554048,0.7407992607992607
25,NN-Residual,0.7703808928199173,0.04781949616968654,0.8517721024058603,0.03363635324185491,0.6998341625207297,0.7541905048680116
25,NN-Attention,0.6915453110575062,0.017622321130742205,0.7814767606038728,0.025605607743685102,0.6551334237901402,0.7114285714285714
25,NN-Bottleneck,0.8158742070937194,0.054766788901229185,0.8878426730182875,0.029647817446890722,0.7599125584200211,0.7995375095646099
25,NN-LayerNorm,0.8099478840942256,0.05856708556627772,0.8820650686701232,0.03628554230481914,0.7396351575456053,0.778332743139338
26,LogisticReg,0.7899824294946246,0.0329010617963148,0.8526236128429575,0.020892843948233774,0.6997587818483341,0.7628001762502753
26,Ridge,0.789058042228774,0.035431332959238795,0.8603188555539756,0.02966746571013589,0.6949344188150158,0.7805902146922975
26,LinearSVC,0.7914893236844457,0.02481325379400913,0.8681765674002904,0.018917673512353125,0.6899592944369064,0.7877251614365016
26,SGD,0.6628776914142768,0.02933719131181459,0.714199396749266,0.019813387682267015,0.6698326549072817,0.7222079589216944
26,LDA,0.7386872747848358,0.07557113783108386,0.8289823787145664,0.05784480535338604,0.679707522991105,0.7449968223060592
26,GaussianNB,0.7350635814050449,0.04761555322108799,0.7858249935509763,0.03454096025951813,0.6946328961254334,0.7466086056871966
26,RBF-SVM,0.7960537836147591,0.06969771621161161,0.8757400562004355,0.051655118540249005,0.6848334087140057,0.7728024379886594
26,KNN,0.7142157300693887,0.018576269653959445,0.7839842344178392,0.01747275134400608,0.6551334237901402,0.7427333766515053
26,RandomForest,0.75744721403258,0.03671783629733236,0.843916461323918,0.03995283435404718,0.6550580431177445,0.7475577110276735
26,GradBoosting,0.6894708002025075,0.032514447317823894,0.7973788164606369,0.024918423941508408,0.6301824212271973,0.7128824476650563
26,ExtraTrees,0.7883733881294855,0.03503108099586147,0.8739103864310397,0.020560105728525534,0.6748077792853913,0.7655512131574662
26,NN-DeepLinear,0.7731296345930492,0.024980961918742953,0.8438336385929647,0.018170826648887393,0.6898085330921151,0.7278632478632479
26,NN-Residual,0.7951874683582,0.03026084160051248,0.8655382422313332,0.025094743848693736,0.7501130710085935,0.7861587189072569
26,NN-Attention,0.7127115161261504,0.01112616497023817,0.8004439153671895,0.015154828827146357,0.6747323986129956,0.729076479076479
26,NN-Bottleneck,0.80091366627952,0.048515269395681924,0.8760601562804805,0.028965386055330455,0.7047339062264436,0.7546282276462156
26,NN-LayerNorm,0.8046928139611067,0.051256713534419844,0.8654341325311637,0.038149232278279856,0.7397105382180009,0.7879569250877267
27,LogisticReg,0.7836403704696387,0.03490195672306901,0.8571005486680617,0.019170184188351647,0.714759535655058,0.776461862379175
27,Ridge,0.7846832841954793,0.02979242773244189,0.8647588180975623,0.024114856522828524,0.6900346751093019,0.7791152967205717
27,LinearSVC,0.7859977962416987,0.029945164692810045,0.8680566337879226,0.02044291330793162,0.6850595507311926,0.7850759144237406
27,SGD,0.649641144763096,0.04013551499225252,0.7058938303000563,0.025340136096020077,0.6598070254786673,0.7160753583439449
27,LDA,0.7229000268024658,0.08635969649585787,0.8204935907122687,0.06621524674402067,0.6646313885119856,0.7326835385316918
27,GaussianNB,0.7267991899699218,0.05391016921679831,0.7807069660421545,0.039742696255089166,0.694708276797829,0.7463517546567872
27,RBF-SVM,0.7911441674856308,0.07721776667121891,0.8761994129326061,0.05337460648901477,0.6849087893864013,0.7742640159512081
27,KNN,0.7314372077786713,0.019184328305207995,0.7907778511216402,0.01032367350773249,0.6852103120759837,0.7595509998165474
27,RandomForest,0.7724211560796928,0.05777196673113706,0.8592292043911,0.041464456152054005,0.7198100407055631,0.7942772853421568
27,GradBoosting,0.694631168289705,0.04656400414949554,0.7919682641264868,0.018153988264444067,0.639981908638625,0.7329641145226065
27,ExtraTrees,0.7856654456654457,0.07595203916745057,0.8714648697979213,0.03843370774749904,0.6846826473692146,0.7804010891671774
27,NN-DeepLinear,0.7840203698740283,0.030866034620897768,0.8436984606008636,0.033054214470606615,0.699984923865521,0.7269311615910313
27,NN-Residual,0.7662443789273058,0.0652376959820683,0.8461947538533215,0.0527700734404744,0.699984923865521,0.7484538506760728
27,NN-Attention,0.7220786801274607,0.0061851086353852,0.8187819325389798,0.005940354184916473,0.6699834162520729,0.7272357723577235
27,NN-Bottleneck,0.8009547633937878,0.04484169856292175,0.8750164704098649,0.02275705903028717,0.7248605457560681,0.769781438074121
27,NN-LayerNorm,0.7954257124988833,0.057756526471363805,0.871534024454277,0.04188085778261034,0.7246344037388813,0.768850008188191
28,LogisticReg,0.7865993626969235,0.026929181872782856,0.851835423531203,0.012805044939594482,0.7098597919493441,0.7760731777585711
28,Ridge,0.7847112778820096,0.02891740716168555,0.8617822590274228,0.027488014524421185,0.6650082918739635,0.7598830926417133
28,LinearSVC,0.7902802346704786,0.024667986416881886,0.872426910717664,0.015571160354632005,0.685134931403588,0.7853978671041837
28,SGD,0.6617055302421156,0.06364661133082983,0.7150090215296605,0.04563351674893554,0.6746570179406,0.7330485167687636
28,LDA,0.7233520950594121,0.07808431344261231,0.8205108861191363,0.05282932274939614,0.6696818935624905,0.7439024390243901
28,GaussianNB,0.7484135918282261,0.04464100634229543,0.8009182949628061,0.03202096694323355,0.7097844112769486,0.7579973433348961
28,RBF-SVM,0.7897763483129335,0.07207383111131635,0.878533803632763,0.04650092660447649,0.6899592944369064,0.7784879563864887
28,KNN,0.7097382292504243,0.00769648174688974,0.7647271479392375,0.013221194293845768,0.6800844263530831,0.7596335697399527
28,RandomForest,0.7620500908305786,0.057554366206140926,0.8519684553535277,0.04474587137194496,0.6897331524197196,0.7776266061980347
28,GradBoosting,0.7751576878406148,0.04519136865850045,0.8488228921357223,0.03989922735572251,0.7250113071008594,0.7963328143919738
28,ExtraTrees,0.797475803329462,0.04870547237305404,0.8785872422635433,0.027900770141621574,0.7098597919493441,0.7911455761472389
28,NN-DeepLinear,0.7447845379552698,0.042546130565878255,0.8198046679007837,0.03690887715504268,0.6848334087140057,0.7227658186562297
28,NN-Residual,0.7777771821674261,0.05933564669389678,0.8376490710114378,0.04535029970325987,0.7296849087893863,0.7763624116720044
28,NN-Attention,0.719753417314393,0.011771819557380638,0.8340405201602265,0.017335531463069376,0.6549826624453491,0.7159339028249269
28,NN-Bottleneck,0.8147770928258732,0.042186451691284696,0.8815767196940031,0.02282475266099896,0.724709784411277,0.7648090815273477
28,NN-LayerNorm,0.7997736680663511,0.04805967521888138,0.8734834615854975,0.02944024475673573,0.7249359264284637,0.7656121656121657
29,LogisticReg,0.7930254027815004,0.04388442601456009,0.8566702038694123,0.03503934825349753,0.7197346600331674,0.78001813001813
29,Ridge,0.7934887876351292,0.039297424616565345,0.8647918674549052,0.036036065769518254,0.6800844263530831,0.773690078037904
29,LinearSVC,0.7968426695255962,0.03040460602938116,0.8672132829712247,0.02437828308550187,0.6802351876978743,0.7856250730620858
29,SGD,0.684869710235564,0.04687701834662075,0.7317920191964604,0.035674795757195635,0.68475802804161,0.73008547008547
29,LDA,0.7236213109383841,0.08121370843395541,0.8260051188529478,0.06217788674859086,0.6747323986129956,0.7503480689705819
29,GaussianNB,0.7439911849667947,0.042043403948406506,0.7928370484114652,0.032024756035331545,0.7097090306045529,0.7604320415565397
29,RBF-SVM,0.7913189791238571,0.07758479094524813,0.8729037900656945,0.05541190684097973,0.6849087893864013,0.7758229728673078
29,KNN,0.71399654545996,0.01048663730802082,0.7677951428365651,0.01688107977737376,0.6602593095130408,0.7501945922826302
29,RandomForest,0.7735048691146252,0.06420800460084643,0.86276417757724,0.041073536697012795,0.6847580280416102,0.7721641294677412
29,GradBoosting,0.7545340838023765,0.048208104155961835,0.8214268390549634,0.02475577084882246,0.7146841549826625,0.7902219000442994
29,ExtraTrees,0.7596325084129963,0.06922236018125846,0.8561157291360839,0.04251611080328746,0.6347052615709332,0.7360703513491482
29,NN-DeepLinear,0.7673629351678133,0.07719767426617716,0.8356430600901277,0.06812563381363974,0.6746570179406,0.7124458874458875
29,NN-Residual,0.7823973316656243,0.04929678223636477,0.8385531914221742,0.043805275876835234,0.7198854213779587,0.7651248898031149
29,NN-Attention,0.7302540278150035,0.025403959594489725,0.816996434590477,0.029926808592922696,0.6849087893864013,0.735888577209359
29,NN-Bottleneck,0.8076434676434676,0.051887740098317085,0.8759543300319396,0.0401929871406328,0.714759535655058,0.7501878860471125
29,NN-LayerNorm,0.7907043092408945,0.059110695980678224,0.8623241445503501,0.04412153790913714,0.7449118046132971,0.7911049363658194
30,LogisticReg,0.7773584680901754,0.047171592117698335,0.8499704373761213,0.036098205383593485,0.6947836574702246,0.760175507359986
30,Ridge,0.7831942583162096,0.04443641997377785,0.8659143363979953,0.038788987512805864,0.6701341775968642,0.770583052289369
30,LinearSVC,0.7897001101879151,0.03793642442907393,0.8738330019387548,0.027168851774253933,0.6901854364540932,0.7927935318434479
30,SGD,0.6745599928526759,0.05351524948333771,0.7234211815004841,0.034186705128723446,0.6847580280416102,0.7383118289551037
30,LDA,0.7361035170791267,0.07716232923631074,0.8369753477110059,0.05139124453222291,0.6497060153776572,0.7294834510455616
30,GaussianNB,0.7221829119390096,0.052112223213564755,0.7763078056930897,0.03412291275200713,0.6947836574702246,0.7518760590656015
30,RBF-SVM,0.7772351767473719,0.07800261944793774,0.868188624280791,0.05713638221237233,0.6800844263530831,0.7708952522826881
30,KNN,0.6975520414544804,0.019823571607547247,0.7603736941867254,0.027544830610647945,0.6602593095130408,0.7416350153734852
30,RandomForest,0.7662553977188123,0.04461848926159354,0.8581348823814118,0.0357232040282857,0.6898839137645107,0.7819384923256999
30,GradBoosting,0.7429155126716102,0.05220596394380288,0.8237239110877214,0.041201530627759275,0.6846826473692146,0.7640184115207035
30,ExtraTrees,0.7566553500699843,0.05655023888079176,0.8522431158559587,0.04230987534209568,0.6898839137645107,0.7722071944769672
30,NN-DeepLinear,0.7657541916078502,0.06495015169350572,0.8387428268460155,0.05004606425395416,0.6747323986129956,0.7209162145871005
30,NN-Residual,0.7721581941094137,0.07318745331839263,0.8559378397716967,0.056895609480437044,0.6995326398311472,0.736799397206283
30,NN-Attention,0.7030536942732065,0.01865902399621539,0.8058196238009135,0.0388773555624183,0.6549072817729534,0.7184028798119306
30,NN-Bottleneck,0.8030709669734059,0.054324778880489005,0.8783851701239547,0.03668473593794583,0.7098597919493441,0.76209188852867
30,NN-LayerNorm,0.7738771255844427,0.06751453679157839,0.8547707552861512,0.05404185497437271,0.6998341625207297,0.7536829305365558
31,LogisticReg,0.7811751392239197,0.04606119644977815,0.8556474161017529,0.04159102504992784,0.7097090306045529,0.7730820336184321
31,Ridge,0.7834849161678429,0.041815887719337655,0.8675959771863623,0.0337100349668684,0.6850595507311926,0.7787627831106092
31,LinearSVC,0.7836957622323476,0.02926933517640721,0.8707216683756039,0.01965184740368677,0.6752600633197648,0.784484269215452
31,SGD,0.6899663480151285,0.020031363314928306,0.7328163186777276,0.019196493085637204,0.699984923865521,0.7502849883126005
31,LDA,0.7293004556419191,0.06489292864704016,0.8348337169599422,0.04275328973107848,0.6547565204281622,0.7393979575220415
31,GaussianNB,0.7337463891122429,0.047270706837222905,0.7876026974101862,0.03467647872800456,0.6948590381426202,0.7452741702741702
31,RBF-SVM,0.7811941987551743,0.06962408850663325,0.8719583377518075,0.048710340006779644,0.6849841700587969,0.7764006332290823
31,KNN,0.7262312754995682,0.031480081895945755,0.7819458967557215,0.01745422379287265,0.6700587969244686,0.7499085715905709
31,RandomForest,0.7352964650525626,0.05918261088761383,0.8255485996479809,0.04469535811450131,0.7098597919493441,0.790909090909091
31,GradBoosting,0.7558116680067899,0.07909526667598635,0.8472432981337178,0.048380478390321835,0.7197346600331674,0.7946631878557876
31,ExtraTrees,0.759365972780607,0.05641165898413477,0.8473691160180835,0.04576569016419113,0.7047339062264436,0.7889611669623497
31,NN-DeepLinear,0.7837136305428988,0.06662054479343978,0.858798388284122,0.059242017857524094,0.7298356701341776,0.7687800370727199
31,NN-Residual,0.7969594091545312,0.036973479981870394,0.8547388647608448,0.04943281235829398,0.714759535655058,0.7412866754638907
31,NN-Attention,0.7327704815509692,0.05438512627163359,0.8216718651277919,0.052777483637373716,0.6948590381426202,0.7491980103107568
31,NN-Bottleneck,0.7872396438250098,0.04863917489628861,0.8685954314455304,0.035059784100519895,0.6898085330921151,0.738850296989832
31,NN-LayerNorm,0.7948217636022514,0.05149232200829557,0.8767152232145458,0.04037313293389165,0.6895823910749285,0.7324851164672562
32,LogisticReg,0.765756574049257,0.03502023947959179,0.8425658096234265,0.03816358852343757,0.704809286898839,0.7677028684780622
32,Ridge,0.7730003871467286,0.041899209000063366,0.8612497119463377,0.035269532944803304,0.6801598070254787,0.7774022870797065
32,LinearSVC,0.7763340182852377,0.03264502528568625,0.8646818246636258,0.02609045857848559,0.6752600633197648,0.7860688758934372
32,SGD,0.6832996813484619,0.023953788457487246,0.7266967625538125,0.011025355247841923,0.6951605608322026,0.7470030497931576
32,LDA,0.7368164626701214,0.05302050937117106,0.8368028329033628,0.029288540565621583,0.6597316448062717,0.7430465372650193
32,GaussianNB,0.7271735310759703,0.05346015061680193,0.7815257435453962,0.03842590411440626,0.6898085330921151,0.74229063117952
32,RBF-SVM,0.7752059322791031,0.06488388717735705,0.865911260721583,0.04648196473209359,0.6950851801598071,0.784666391809249
32,KNN,0.7285898924923315,0.016430719546476912,0.7839116372486745,0.008329329034046236,0.6800844263530831,0.7539173789173789
32,RandomForest,0.7582459275142202,0.07739589274178638,0.8360329997118119,0.04668658093367116,0.7295341474445952,0.8163054695562435
32,GradBoosting,0.707387950802585,0.045964784467990065,0.8138847693627488,0.03418392962934184,0.6699834162520729,0.7550393263006715
32,ExtraTrees,0.743417910003276,0.028520862642488994,0.834941567946001,0.029975678277831975,0.6549072817729534,0.752522483000658
32,NN-DeepLinear,0.7723964382500969,0.05805282945623736,0.8489923256813743,0.051415521025010555,0.6846826473692146,0.7304238148682592
32,NN-Residual,0.7802048899609876,0.050905177129643285,0.8455740814622673,0.04206547926153245,0.7097844112769486,0.7593577439533794
32,NN-Attention,0.6905988862086424,0.025509774576135895,0.7905665360107864,0.03517355794612305,0.6497060153776572,0.702833416000957
32,NN-Bottleneck,0.7857964799428214,0.03957475639501036,0.87046044373102,0.027583585100448296,0.6948590381426202,0.741903083366498
32,NN-LayerNorm,0.7779314452485183,0.034590445313119784,0.8633402964687206,0.03233339327358632,0.6748077792853913,0.7198454783897823
33,LogisticReg,0.7661306173501297,0.03228482595134439,0.8493706907575688,0.034619781841253326,0.7148349163274537,0.7776805174885162
33,Ridge,0.7779123857172637,0.031705260139637176,0.8655413688146916,0.025084898982144714,0.6951605608322028,0.7876926616057052
33,LinearSVC,0.78247952589416,0.025115893431513738,0.8689718207352581,0.01867380531419863,0.6752600633197648,0.7860688758934372
33,SGD,0.6850352899133387,0.08637639158524901,0.7347300771115387,0.05718091283687333,0.6945575154530378,0.7474063210497319
33,LDA,0.7608392149855564,0.04457044970884714,0.851569118648658,0.022795520949066714,0.6797829036635007,0.7583951926475786
33,GaussianNB,0.7165186574942674,0.03963423777205024,0.7706138199378182,0.02156286848517199,0.6797829036635007,0.7345988324536664
33,RBF-SVM,0.7762006015664552,0.061789170594496644,0.8658757812216197,0.04614198733502199,0.6899592944369064,0.782614033015317
33,KNN,0.7178307870990798,0.01568738904242118,0.7778274098493198,0.022378165461966408,0.6500075380672395,0.7390910306911586
33,RandomForest,0.7648333780041098,0.05261346826968507,0.8557312414366075,0.04366929564889278,0.6798582843358963,0.7811252308026502
33,GradBoosting,0.7290032460764168,0.06358147781804098,0.8362484928548038,0.050564133703405637,0.6849087893864013,0.7709072645242857
33,ExtraTrees,0.7945212781798148,0.04952104029843269,0.8779368840624615,0.026513277239290808,0.6898839137645107,0.7858101466947494
33,NN-DeepLinear,0.7965013847940677,0.04326360691449185,0.8703016944601959,0.02518581954489788,0.7048846675712347,0.7439172375881237
33,NN-Residual,0.7550379701599214,0.05045872323450259,0.832280630076723,0.03342779850034946,0.6898085330921151,0.7340375894592762
33,NN-Attention,0.7083010214717532,0.02459865381959553,0.7845151527505229,0.005212175549836902,0.6497813960500527,0.7218926524845855
33,NN-Bottleneck,0.7954828910926471,0.04742647695276728,0.8772968774460975,0.03489967239858628,0.704809286898839,0.7515817515817517
33,NN-LayerNorm,0.7866214002799369,0.044940917507050614,0.8741780132302562,0.03947738598744314,0.7247851650836724,0.7714742193173566
34,LogisticReg,0.7639310283212724,0.03175850112088527,0.8518607995015771,0.03112559677954408,0.7097844112769486,0.7705878073621418
34,Ridge,0.7810292146877513,0.0353278334052901,0.8683792541896281,0.031102377504216322,0.685134931403588,0.7804639804639805
34,LinearSVC,0.782497989815063,0.024801324082767112,0.8702571027101639,0.018910327133033356,0.6702849389416553,0.7833641975308642
34,SGD,0.6751696000476488,0.019868859942986945,0.7214599108247012,0.006964046558926151,0.6850595507311925,0.7371308082135991
34,LDA,0.7733196342952441,0.04110418263124312,0.8619936234671309,0.020637896786928255,0.6898085330921151,0.7654104233465157
34,GaussianNB,0.7196670538133952,0.03468600145546804,0.7757831241928722,0.015903735528034,0.6997587818483341,0.7516066163991199
34,RBF-SVM,0.7790916942136454,0.06022162305146021,0.867755583339035,0.04654172119891623,0.6950851801598071,0.7860269360269361
34,KNN,0.7208552964650524,0.018099377844900795,0.7773697384038748,0.019285823658325683,0.6550580431177445,0.7416652881169009
34,RandomForest,0.771211173650198,0.04005925557980063,0.8562849438013463,0.02455360399718705,0.6849841700587969,0.7802286685676684
34,GradBoosting,0.7549355251794276,0.06519066778571982,0.8403037463380122,0.050186330521929896,0.6845318860244234,0.7592660148839924
34,ExtraTrees,0.8030501206110964,0.07010231704966388,0.8815903869984635,0.041604301702277274,0.7247851650836724,0.8061045234958278
34,NN-DeepLinear,0.7690032460764167,0.04180032651620355,0.8503345814959832,0.04059483164524846,0.6849087893864013,0.7213203463203463
34,NN-Residual,0.7735346496322105,0.04698636891086961,0.8478732105259148,0.04676009611803565,0.7199608020503542,0.7735234114544459
34,NN-Attention,0.7189916316745585,0.018985134046704117,0.8133945539895269,0.024338941039032225,0.6647821498567766,0.7246103569632982
34,NN-Bottleneck,0.7815652640042886,0.041784586568168976,0.8684075230033521,0.025382628223682323,0.6947836574702246,0.7419078348639033
34,NN-LayerNorm,0.7778438905268175,0.039670779751331764,0.8675274503914316,0.027808752249253287,0.7148349163274537,0.7642853834968092
35,LogisticReg,0.7671961642693349,0.04420934525850568,0.8627313696009598,0.030957353148050783,0.6997587818483341,0.7596070522706345
35,Ridge,0.7885124631466095,0.04851117325462318,0.8770971427176794,0.03488623725471125,0.6800844263530831,0.7742583675167944
35,LinearSVC,0.7880663509931803,0.03924381647578238,0.878296927308894,0.024594162137085727,0.6653098145635459,0.7790513320337881
35,SGD,0.6543315762827958,0.059522564168131654,0.7100925310556597,0.03595862458124762,0.6597316448062717,0.7107049329271552
35,LDA,0.7665701777896899,0.04395404839816144,0.855484683854288,0.022094714407243757,0.6897331524197196,0.7624202957536291
35,GaussianNB,0.7067003186515382,0.038155525485009285,0.7635208647686875,0.022628718581395844,0.6948590381426202,0.7477948563391602
35,RBF-SVM,0.7784764287203312,0.0616462713309732,0.87090342282678,0.043662777990390554,0.7051108095884215,0.7953712834304497
35,KNN,0.7023875040948212,0.03561428518831817,0.7665464410877236,0.04096580673681221,0.6600331674958541,0.7413538842110271
35,RandomForest,0.7428973465558831,0.08030311618353583,0.841706128692756,0.051699628993712526,0.6497813960500527,0.7528728294177732
35,GradBoosting,0.7050692397033861,0.02900053037827155,0.8074973566058995,0.04048654317482201,0.6650082918739635,0.7525420832265232
35,ExtraTrees,0.7831162333601357,0.060992595257885994,0.8624993020865013,0.043468988972856254,0.7199608020503542,0.8002049798034605
35,NN-DeepLinear,0.7623270496441229,0.0513471125532958,0.8376753441307017,0.046371521027142155,0.7047339062264436,0.7358730158730159
35,NN-Residual,0.7715810476786086,0.06976053899292864,0.8568638146586006,0.04902728043210618,0.6950097994874115,0.7515045929680076
35,NN-Attention,0.7244224068614313,0.03407878824871639,0.7981326412047306,0.009010763970131995,0.7098597919493441,0.7620561738208798
35,NN-Bottleneck,0.7804210965186575,0.055802932890165656,0.8670132519159325,0.04324918293852079,0.6997587818483341,0.7503561839004877
35,NN-LayerNorm,0.788242056046934,0.04528413225969106,0.8652537465518702,0.029403501629945747,0.7098597919493441,0.7561663143058492
36,LogisticReg,0.7693117722386015,0.05122800323127623,0.8638194750750859,0.03818970469023025,0.6898085330921152,0.7567026152746656
36,Ridge,0.7872056940349624,0.04933796637454833,0.8781198057029632,0.036418626366209975,0.6801598070254787,0.7740770465489567
36,LinearSVC,0.7857929062807111,0.04167432830904098,0.8757030707394757,0.03167144785951617,0.6603346901854364,0.7746467034410296
36,SGD,0.6657357276869472,0.013140798452839518,0.715911396825335,0.013073479306204549,0.6699080355796774,0.7196043229651347
36,LDA,0.7859424044789899,0.0484510757680159,0.8664455846694569,0.03263284259246133,0.7099351726217398,0.7772351105684439
36,GaussianNB,0.7271833586467733,0.02805942864023999,0.7808839042484405,0.025537950674606808,0.7049600482436302,0.7538616002471423
36,RBF-SVM,0.7892671014622233,0.06263254450433163,0.8783908055848574,0.04388255149109125,0.6849841700587969,0.7820831337579998
36,KNN,0.6894809255784865,0.007096883119609312,0.7586985026640952,0.012963615388403734,0.6650836725463591,0.7485797323974556
36,RandomForest,0.7620637898686679,0.07631847849226905,0.8425852440973712,0.062431890856000954,0.6699080355796774,0.7708160004823054
36,GradBoosting,0.7098668810863934,0.06543040213708094,0.8007507912250559,0.02744936584755132,0.6644806271671944,0.7513148458044466
36,ExtraTrees,0.7823726138360284,0.05381808366815258,0.8635026200111552,0.028833665011488634,0.6998341625207297,0.7926621935838526
36,NN-DeepLinear,0.7764054915274426,0.04912321520549993,0.8597373955757194,0.037400803552018205,0.6899592944369064,0.7274222055920102
36,NN-Residual,0.7598516930224247,0.06842069449267332,0.8489004842222027,0.05466563414145655,0.6898085330921151,0.7388737638814824
36,NN-Attention,0.7168295660978589,0.03243082699748484,0.7974909419734769,0.0366766908530731,0.6899592944369064,0.7396624979958313
36,NN-Bottleneck,0.7815515649661992,0.0646652561007471,0.8682601465093648,0.04801655932400181,0.6797829036635007,0.7341307814992026
36,NN-LayerNorm,0.778158968402871,0.07674579746672419,0.8626737718872094,0.05468080384509675,0.6797829036635007,0.7217682799078148
